"[-15, -10]", 1
"[-10,  -5]", 1
"[ -5,   0]", 7
"[  0,   5]", 29236
"[  5,  10]", 187342
"[ 10,  15]", 123939
"[ 15,  20]", 116015
"[ 20,  25]", 224234
"[ 25,  30]", 135541
"[ 30,  35]", 80055
"[ 35,  40]", 47155
"[ 40,  45]", 36721
"[ 45,  50]", 20609
"[ 50,  55]", 15831
"[ 55,  60]", 9903
"[ 60,  65]", 7188
"[ 65,  70]", 2620
"[ 70,  75]", 431
"[ 75,  80]", 271
"[ 80,  85]", 1535
"[ 85,  90]", 1937
"[ 90,  95]", 1257
"[ 95, 100]", 157
"[100, 105]", 95
"[105, 110]", 79
"[110, 115]", 101
"[115, 120]", 573
"[120, 125]", 125
"[125, 130]", 129
"[130, 135]", 242
"[135, 140]", 218
"[140, 145]", 193
"[145, 150]", 444
"[150, 155]", 126
"[155, 160]", 751
"[160, 165]", 363
"[165, 170]", 27
"[170, 175]", 4
